file,agent,test_days,equity_multiple,max_dd,mean_ret,std_ret,sharpe,status
stepE_daily_log_dprime_all_features_h01_SOXL.csv,dprime_all_features_h01,63,0.7282897871134806,-0.5110547789544784,-0.002908318162483744,0.07577374109575971,-0.6092891664140035,OK
stepE_daily_log_dprime_bnf_3scale_SOXL.csv,dprime_bnf_3scale,63,1.3155103479419337,-0.3945505518765645,0.008287317724920057,0.07769861791552933,1.693171563984828,OK
stepE_daily_log_dprime_bnf_h01_SOXL.csv,dprime_bnf_h01,63,1.3698821594500097,-0.29588041998775316,0.00642958708737734,0.06993855638055367,1.4593742862066688,OK
stepE_daily_log_dprime_bnf_h02_SOXL.csv,dprime_bnf_h02,63,0.8018728123498858,-0.43829184832168233,-4.039973870029873e-05,0.07614974708960269,-0.008421905446951362,OK
stepE_daily_log_dprime_mix_3scale_SOXL.csv,dprime_mix_3scale,63,1.0723782795475558,-0.3625452188640177,0.004817442708438613,0.07824610469796389,0.9773589684263233,OK
stepE_daily_log_dprime_mix_h01_SOXL.csv,dprime_mix_h01,63,0.5715001185525613,-0.5052833038143285,-0.0062152452799874485,0.061099621587994965,-1.6148047651423523,OK
stepE_daily_log_dprime_mix_h02_SOXL.csv,dprime_mix_h02,63,1.4211178874922619,-0.3534847083322621,0.009476305152746941,0.07754590426183132,1.9399049133999686,OK
