step,mode,source_csv,test_days,total_return_pct,max_drawdown,sharpe,win_rate,avg_ret,std_ret,status
StepE,sim,C:/work/apex_work/runs/gh22769196609_att1_sim_20260307_000806_3560d51/output/stepE/sim/stepE_daily_log_dprime_all_features_h01_SOXL.csv,63.0,-0.2717102128865194,-0.5110547789544784,-0.6092891664140035,0.5396825396825397,-0.002908318162483744,0.07577374109575971,
StepE,sim,C:/work/apex_work/runs/gh22769196609_att1_sim_20260307_000806_3560d51/output/stepE/sim/stepE_daily_log_dprime_bnf_3scale_SOXL.csv,63.0,0.31551034794193367,-0.3945505518765645,1.693171563984828,0.5396825396825397,0.008287317724920057,0.07769861791552933,
StepE,sim,C:/work/apex_work/runs/gh22769196609_att1_sim_20260307_000806_3560d51/output/stepE/sim/stepE_daily_log_dprime_bnf_h01_SOXL.csv,63.0,0.3698821594500097,-0.29588041998775316,1.4593742862066688,0.5238095238095238,0.00642958708737734,0.06993855638055367,
StepE,sim,C:/work/apex_work/runs/gh22769196609_att1_sim_20260307_000806_3560d51/output/stepE/sim/stepE_daily_log_dprime_bnf_h02_SOXL.csv,63.0,-0.19812718765011417,-0.43829184832168233,-0.008421905446951362,0.5079365079365079,-4.039973870029873e-05,0.07614974708960269,
StepE,sim,C:/work/apex_work/runs/gh22769196609_att1_sim_20260307_000806_3560d51/output/stepE/sim/stepE_daily_log_dprime_mix_3scale_SOXL.csv,63.0,0.07237827954755582,-0.3625452188640177,0.9773589684263233,0.5396825396825397,0.004817442708438613,0.07824610469796389,
StepE,sim,C:/work/apex_work/runs/gh22769196609_att1_sim_20260307_000806_3560d51/output/stepE/sim/stepE_daily_log_dprime_mix_h01_SOXL.csv,63.0,-0.42849988144743867,-0.5052833038143285,-1.6148047651423523,0.5238095238095238,-0.0062152452799874485,0.061099621587994965,
StepE,sim,C:/work/apex_work/runs/gh22769196609_att1_sim_20260307_000806_3560d51/output/stepE/sim/stepE_daily_log_dprime_mix_h02_SOXL.csv,63.0,0.42111788749226187,-0.3534847083322621,1.9399049133999686,0.5714285714285714,0.009476305152746941,0.07754590426183132,
StepF,sim,not found,,,,,,,,not found
